<?xml version="1.0" encoding="UTF-8"?>
<project-private xmlns="http://www.netbeans.org/ns/project-private/1">
    <editor-bookmarks xmlns="http://www.netbeans.org/ns/editor-bookmarks/2" lastBookmarkId="0"/>
    <open-files xmlns="http://www.netbeans.org/ns/projectui-open-files/2">
        <group>
            <file>file:/C:/Users/monic/OneDrive/Documentos/NetBeansProjects/SistemaVenta_S01/src/Vista/Sistema.java</file>
            <file>file:/C:/Users/monic/OneDrive/Documentos/NetBeansProjects/SistemaVenta_S01/src/sistemaventa_s01/SistemaVenta_S01.java</file>
            <file>file:/C:/Users/monic/OneDrive/Documentos/NetBeansProjects/SistemaVenta_S01/src/Modelo/Conexion.java</file>
        </group>
    </open-files>
</project-private>
